{"docstore/metadata": {"a7fee284-171c-4e28-b628-9d00ca07b9a5": {"doc_hash": "38a85cf72b997394a3b76f8d28f6f4852dc781d5092b11c0f6e3a6eb16667862"}, "8fb242fa-ce70-49e2-96b9-8570214fe855": {"doc_hash": "8717efa8c432a8369f1f181abdf871cf2818c4eb05a200bb33e58d84ef79e6d1"}, "5ce1fbfe-b3b4-467a-9e35-34c3cdaec253": {"doc_hash": "8dd5ea28f497dc10f88963673c327f6ea26c76adf086b4a8e164313266bd3bfa"}, "f707f00a-2d7c-4f91-bc37-f203d1605fb9": {"doc_hash": "c4847451f5948de1d7cb7c850b867e6d0362149c74601a5be0fef7bd1d2f7700"}, "79fd575f-d300-487d-832a-172b32ff9762": {"doc_hash": "87634a75a97c2e369e4e04e27270f20c56bf6af42aaf221659cc6e61b1d389e9"}, "4fd4b6ab-8da4-41c6-9072-3fc9ff289a08": {"doc_hash": "ddcecbf82c6bbe860eab55161daf7e1c71140c4c1c6f375ffd18a38c88e4bd24"}, "817ad79d-c75a-4805-aa9d-962069c92ed6": {"doc_hash": "b4b0679b702f3e510ae8f738ccc5d579d21adc61168a0b802d9249af7595085a"}, "a2aaafe1-9bee-4b73-ba0f-78a666713e93": {"doc_hash": "2337dd6a14bba3883ab7da9ebf1bfd186f8f4a31d3e915707ce10306deb17694", "ref_doc_id": "a7fee284-171c-4e28-b628-9d00ca07b9a5"}, "338a8b45-19a5-4c97-969b-cc349ef91d89": {"doc_hash": "4a250689bfd8702dbc249020e49c98895afbc150b25e54380c4ab2d0db13dd9f", "ref_doc_id": "8fb242fa-ce70-49e2-96b9-8570214fe855"}, "3fdd8ea0-f77d-4243-b1c2-51e4cdb6b763": {"doc_hash": "9f87b83e6c4d6632d8d7c1084dee399c5d02313df5aa556dca2df211c9085d4c", "ref_doc_id": "5ce1fbfe-b3b4-467a-9e35-34c3cdaec253"}, "2f6204d7-57f2-4125-96a9-4d227312b1c5": {"doc_hash": "8c86b5c26cebb9d82df0b4e516b30f96e906e6777dc26c93eb820661b98d0ba9", "ref_doc_id": "f707f00a-2d7c-4f91-bc37-f203d1605fb9"}, "abcad428-4d8a-431d-82a7-b23b16c9a658": {"doc_hash": "55427427af7461d44bfb3f2aa83953d5357fa457822592e454b61f24ddfa91e5", "ref_doc_id": "79fd575f-d300-487d-832a-172b32ff9762"}, "f7f423e0-a063-4f9e-aa59-d57a4d207309": {"doc_hash": "0aef6133e7367661c857d3d5069a93c311a730a0d92dcc525dc30534f49f7d79", "ref_doc_id": "4fd4b6ab-8da4-41c6-9072-3fc9ff289a08"}, "76417b14-6745-4d53-875f-4a44e93b237c": {"doc_hash": "5bd46e2eb707e76b14eb44922566462b72b25293a8892fa522a5f9058da084c5", "ref_doc_id": "817ad79d-c75a-4805-aa9d-962069c92ed6"}}, "docstore/data": {"a2aaafe1-9bee-4b73-ba0f-78a666713e93": {"__data__": {"id_": "a2aaafe1-9bee-4b73-ba0f-78a666713e93", "embedding": null, "metadata": {"page_label": "1", "file_name": "ITCGrandChola.pdf", "file_path": "D:\\hotel_gtts\\data\\ITCGrandChola.pdf", "file_type": "application/pdf", "file_size": 158283, "creation_date": "2025-01-05", "last_modified_date": "2025-01-05"}, "excluded_embed_metadata_keys": ["file_name", "file_type", "file_size", "creation_date", "last_modified_date", "last_accessed_date"], "excluded_llm_metadata_keys": ["file_name", "file_type", "file_size", "creation_date", "last_modified_date", "last_accessed_date"], "relationships": {"1": {"node_id": "a7fee284-171c-4e28-b628-9d00ca07b9a5", "node_type": "4", "metadata": {"page_label": "1", "file_name": "ITCGrandChola.pdf", "file_path": "D:\\hotel_gtts\\data\\ITCGrandChola.pdf", "file_type": "application/pdf", "file_size": 158283, "creation_date": "2025-01-05", "last_modified_date": "2025-01-05"}, "hash": "38a85cf72b997394a3b76f8d28f6f4852dc781d5092b11c0f6e3a6eb16667862", "class_name": "RelatedNodeInfo"}}, "metadata_template": "{key}: {value}", "metadata_separator": "\n", "text": "Hotel Overview \n\u2022 Name: ITC Grand Chola, a Luxury Collection Hotel, Chennai \n\u2022 Location: Mount Road, Guindy, Chennai, opposite the SPIC building \n\u2022 Size: 1.6 million sq. ft. with 600 rooms and 78 serviced apartments \n\u2022 Architecture: Traditional Dravidian style designed by SRSS Architects, Singapore \n \nCosts \nAverage Nightly Rates \n\u2022 Standard Room: \u20b910,011 \u2013 \u20b919,057 \n\u2022 Deluxe King Room: \u20b913,968 \u2013 \u20b922,420 \n\u2022 Suites: Up to \u20b940,000 \nSeasonal Pricing \n\u2022 Low Season (March): \u20b912,007 per night (avg.) \n\u2022 High Season (February): \u20b918,386 per night (avg. for weekdays) \nWeekend vs. Weekday Rates \n\u2022 Weekend Nights: \u20b913,305 \u2013 \u20b929,000 \n\u2022 Weekday Nights: \u20b918,386 (avg.) \nAdditional Costs \n\u2022 Taxes and fees: ~20% of base price \n \nFacilities \nAccommodations \n\u2022 Room Types: Deluxe Rooms, Executive Rooms, Suites, Serviced Apartments \n\u2022 In-room Amenities: \no Air conditioning \no Free Wi-Fi \no Minibar \no Coffee/tea maker \no Flat-screen TV \no Safety deposit box \nDining Options \n\u2022 Restaurants:", "mimetype": "text/plain", "start_char_idx": 0, "end_char_idx": 979, "metadata_seperator": "\n", "text_template": "{metadata_str}\n\n{content}", "class_name": "TextNode"}, "__type__": "1"}, "338a8b45-19a5-4c97-969b-cc349ef91d89": {"__data__": {"id_": "338a8b45-19a5-4c97-969b-cc349ef91d89", "embedding": null, "metadata": {"page_label": "2", "file_name": "ITCGrandChola.pdf", "file_path": "D:\\hotel_gtts\\data\\ITCGrandChola.pdf", "file_type": "application/pdf", "file_size": 158283, "creation_date": "2025-01-05", "last_modified_date": "2025-01-05"}, "excluded_embed_metadata_keys": ["file_name", "file_type", "file_size", "creation_date", "last_modified_date", "last_accessed_date"], "excluded_llm_metadata_keys": ["file_name", "file_type", "file_size", "creation_date", "last_modified_date", "last_accessed_date"], "relationships": {"1": {"node_id": "8fb242fa-ce70-49e2-96b9-8570214fe855", "node_type": "4", "metadata": {"page_label": "2", "file_name": "ITCGrandChola.pdf", "file_path": "D:\\hotel_gtts\\data\\ITCGrandChola.pdf", "file_type": "application/pdf", "file_size": 158283, "creation_date": "2025-01-05", "last_modified_date": "2025-01-05"}, "hash": "8717efa8c432a8369f1f181abdf871cf2818c4eb05a200bb33e58d84ef79e6d1", "class_name": "RelatedNodeInfo"}}, "metadata_template": "{key}: {value}", "metadata_separator": "\n", "text": "o Peshawri (North Indian cuisine) \no Royal Vega (Vegetarian) \no Ottimo Cucina Italiana (Italian cuisine) \no Pan Asian (Asian cuisine) \no Madras Pavilion (Multi-cuisine) \no Cheroot Lounge (Cigar and malt lounge) \no Fabelle (Luxury chocolates) \n\u2022 Focus: Local ingredients, sustainability \nRecreational Facilities \n\u2022 Spa: Kaya Kalp (Ayurvedic treatments and therapies) \n\u2022 Pools: Three pools (including rooftop and children's pool) \n\u2022 Fitness Center: Modern equipment, personal trainers \nBusiness Facilities \n\u2022 30,000 sq. ft. pillar-less ballroom \n\u2022 Multiple advanced meeting rooms \nGuest Services \n\u2022 Concierge \n\u2022 24/7 room service \n\u2022 Valet parking \n\u2022 Car hire \n \nSustainability Initiatives \n\u2022 LEED Platinum-certified \n\u2022 Renewable energy sources (wind, solar) \n\u2022 Waste recycling practices \n \nLocation Advantages \n\u2022 Proximity: \no Chennai International Airport: ~8 km \no Major business districts and shopping areas \n \nGuest Experience \n\u2022 Highlights: \no Opulent atmosphere and Dravidian-inspired decor", "mimetype": "text/plain", "start_char_idx": 0, "end_char_idx": 994, "metadata_seperator": "\n", "text_template": "{metadata_str}\n\n{content}", "class_name": "TextNode"}, "__type__": "1"}, "3fdd8ea0-f77d-4243-b1c2-51e4cdb6b763": {"__data__": {"id_": "3fdd8ea0-f77d-4243-b1c2-51e4cdb6b763", "embedding": null, "metadata": {"page_label": "3", "file_name": "ITCGrandChola.pdf", "file_path": "D:\\hotel_gtts\\data\\ITCGrandChola.pdf", "file_type": "application/pdf", "file_size": 158283, "creation_date": "2025-01-05", "last_modified_date": "2025-01-05"}, "excluded_embed_metadata_keys": ["file_name", "file_type", "file_size", "creation_date", "last_modified_date", "last_accessed_date"], "excluded_llm_metadata_keys": ["file_name", "file_type", "file_size", "creation_date", "last_modified_date", "last_accessed_date"], "relationships": {"1": {"node_id": "5ce1fbfe-b3b4-467a-9e35-34c3cdaec253", "node_type": "4", "metadata": {"page_label": "3", "file_name": "ITCGrandChola.pdf", "file_path": "D:\\hotel_gtts\\data\\ITCGrandChola.pdf", "file_type": "application/pdf", "file_size": 158283, "creation_date": "2025-01-05", "last_modified_date": "2025-01-05"}, "hash": "8dd5ea28f497dc10f88963673c327f6ea26c76adf086b4a8e164313266bd3bfa", "class_name": "RelatedNodeInfo"}}, "metadata_template": "{key}: {value}", "metadata_separator": "\n", "text": "o Personalized, attentive service \n\u2022 Common Feedback: \no Luxurious accommodations and dining options \no Higher price compared to other Chennai hotels, but offers great value \n \nConclusion \n\u2022 A premier destination for leisure and business travelers. \n\u2022 Combines South Indian heritage with modern luxury standards. \n\u2022 Offers unmatched facilities and guest services. \n1. Company Overview \nITC Grand Chola, a Luxury Collection Hotel, Chennai, is a premier 5-star luxury hotel \nmanaged by ITC Hotels. Located in Guindy, Chennai, the hotel epitomizes grandeur and \ntraditional Dravidian architecture inspired by the Chola dynasty. It is renowned for its opulent \naccommodations, exceptional dining options, and world-class amenities. \n\u2022 Website: ITC Grand Chola, Chennai \n\u2022 Customer Support Contact: +91 44 2220 0000 \n\u2022 Reservation Email: reservations@itchotels.in \n\u2022 Feedback Email: feedback@itchotels.in \n2. History and Legacy \nOpened on 15 September 2012, ITC Grand Chola stands as a tribute to Southern India's \ngreatest empires\u2014the Imperial Cholas. The hotel showcases traditional Dravidian \narchitecture and has been recognized for its commitment to sustainability, earning a 5-star \nGRIHA rating for green buildings.  \nWikipedia \n3. Global Presence \nWhile ITC Grand Chola is a flagship property in Chennai, ITC Hotels operates numerous \nluxury properties across India, including: \n\u2022 ITC Maurya (New Delhi): A symbol of Indian hospitality, blending modern \namenities with traditional architecture. \n\u2022 ITC Gardenia (Bengaluru): Known for its eco-friendly design and luxury services. \n\u2022 ITC Mughal (Agra): Inspired by Mughal architecture, offering proximity to the Taj \nMahal. \n4. Room Types and Rates \nITC Grand Chola offers a variety of accommodations to suit different preferences: \n\u2022 Executive Club Rooms: Elegant rooms with modern amenities.", "mimetype": "text/plain", "start_char_idx": 0, "end_char_idx": 1844, "metadata_seperator": "\n", "text_template": "{metadata_str}\n\n{content}", "class_name": "TextNode"}, "__type__": "1"}, "2f6204d7-57f2-4125-96a9-4d227312b1c5": {"__data__": {"id_": "2f6204d7-57f2-4125-96a9-4d227312b1c5", "embedding": null, "metadata": {"page_label": "4", "file_name": "ITCGrandChola.pdf", "file_path": "D:\\hotel_gtts\\data\\ITCGrandChola.pdf", "file_type": "application/pdf", "file_size": 158283, "creation_date": "2025-01-05", "last_modified_date": "2025-01-05"}, "excluded_embed_metadata_keys": ["file_name", "file_type", "file_size", "creation_date", "last_modified_date", "last_accessed_date"], "excluded_llm_metadata_keys": ["file_name", "file_type", "file_size", "creation_date", "last_modified_date", "last_accessed_date"], "relationships": {"1": {"node_id": "f707f00a-2d7c-4f91-bc37-f203d1605fb9", "node_type": "4", "metadata": {"page_label": "4", "file_name": "ITCGrandChola.pdf", "file_path": "D:\\hotel_gtts\\data\\ITCGrandChola.pdf", "file_type": "application/pdf", "file_size": 158283, "creation_date": "2025-01-05", "last_modified_date": "2025-01-05"}, "hash": "c4847451f5948de1d7cb7c850b867e6d0362149c74601a5be0fef7bd1d2f7700", "class_name": "RelatedNodeInfo"}}, "metadata_template": "{key}: {value}", "metadata_separator": "\n", "text": "\u2022 ITC One Rooms: Luxurious rooms with personalized services. \n\u2022 Suites: Spacious suites with separate living areas and premium facilities. \n\u2022 Serviced Apartments: Fully furnished apartments for extended stays. \nNote: Room rates vary based on season, availability, and booking platform. For current \nrates, please visit the hotel's official website or contact reservations. \n5. Hotel Types and Services \nITC Grand Chola caters to various traveler needs: \n\u2022 Luxury Accommodations: Offering premium rooms and suites with top-notch \namenities. \n\u2022 Business Services: Equipped with high-speed internet, meeting rooms, and business \ncenters. \n\u2022 Event Venues: Ideal for weddings, conferences, and large-scale social events, \nfeaturing one of the largest convention centers in the country.  \nWikipedia \n\u2022 Wellness Retreats: Featuring spa treatments, yoga sessions, and fitness centers. \n6. Key Amenities and Services \n\u2022 Concierge Services: Assistance with transportation, restaurant reservations, and tour \nplanning. \n\u2022 Luxury Transport: Options include chauffeur-driven cars. \n\u2022 Event Planning: Comprehensive solutions for weddings and corporate events. \n\u2022 Spa and Wellness: World-class spa treatments, yoga sessions, and fitness centers. \n\u2022 Dining: Ten gourmet restaurants offering Indian and international cuisines.  \nITC Hotels \n\u2022 Family-Friendly Options: Kids\u2019 clubs, babysitting services, and family suites. \n\u2022 Pet-Friendly Policies: Pets are welcome in apartments only, with a fee of INR 1,750 \nper pet per night; maximum of 2 pets with a combined weight of up to 25 kg.  \nMarriott \n7. Payment Methods \nITC Grand Chola accepts various payment options: \n\u2022 Credit/Debit Cards: Visa, Mastercard, American Express, Diners Club, JCB. \n\u2022 Digital Payments: PayPal, Google Pay, Apple Pay, Paytm (India-specific). \n\u2022 Bank Transfers: For advance payments. \n\u2022 Cash: Accepted at the property (subject to local laws). \n\u2022 Loyalty Points: Marriott Bonvoy program offers discounts on stays and dining. \n8. Cancellation and Refund Policies", "mimetype": "text/plain", "start_char_idx": 0, "end_char_idx": 2020, "metadata_seperator": "\n", "text_template": "{metadata_str}\n\n{content}", "class_name": "TextNode"}, "__type__": "1"}, "abcad428-4d8a-431d-82a7-b23b16c9a658": {"__data__": {"id_": "abcad428-4d8a-431d-82a7-b23b16c9a658", "embedding": null, "metadata": {"page_label": "5", "file_name": "ITCGrandChola.pdf", "file_path": "D:\\hotel_gtts\\data\\ITCGrandChola.pdf", "file_type": "application/pdf", "file_size": 158283, "creation_date": "2025-01-05", "last_modified_date": "2025-01-05"}, "excluded_embed_metadata_keys": ["file_name", "file_type", "file_size", "creation_date", "last_modified_date", "last_accessed_date"], "excluded_llm_metadata_keys": ["file_name", "file_type", "file_size", "creation_date", "last_modified_date", "last_accessed_date"], "relationships": {"1": {"node_id": "79fd575f-d300-487d-832a-172b32ff9762", "node_type": "4", "metadata": {"page_label": "5", "file_name": "ITCGrandChola.pdf", "file_path": "D:\\hotel_gtts\\data\\ITCGrandChola.pdf", "file_type": "application/pdf", "file_size": 158283, "creation_date": "2025-01-05", "last_modified_date": "2025-01-05"}, "hash": "87634a75a97c2e369e4e04e27270f20c56bf6af42aaf221659cc6e61b1d389e9", "class_name": "RelatedNodeInfo"}}, "metadata_template": "{key}: {value}", "metadata_separator": "\n", "text": "\u2022 Flexible Rates: Fully refundable if canceled up to 48 hours before check-in. \n\u2022 Non-Refundable Rates: No refunds for cancellations. \n\u2022 Advance Payments: Refunds processed within 7\u201310 business days. \n\u2022 Group Bookings: Policies may differ; contact the hotel directly for details. \n\u2022 Early Checkout: Full stay charges may apply for early departures. \n9. Additional Highlights \nITC Grand Chola focuses on delivering luxurious experiences while preserving its heritage. \nWith personalized services, state-of-the-art amenities, and a commitment to excellence, it \nremains a top choice for travelers worldwide. The hotel has received several awards, \nincluding the \"Best Business Hotel\" at the Lonely Planet Magazine Travel Awards 2014.  \n \n \n1. Company Overview \n\u2022 Name: ITC Grand Chola, a Luxury Collection Hotel, Chennai \n\u2022 Parent Company: ITC Hotels \n\u2022 Location: No. 63, Mount Road, Guindy, Chennai - 600032, Tamil Nadu, India \n\u2022 Website: ITC Grand Chola \n\u2022 Customer Support Contact: +91 44 2220 0200 \n\u2022 Reservation Email: reservations@itchotels.in \n\u2022 Toll-Free Reservation: 1-800-419-6444, 1-800-102-2333 \n2. History and Legacy \nITC Grand Chola is a 5-star luxury hotel in Chennai, India, located in Guindy. The hotel is \nthemed after traditional Dravidian architecture of the Chola dynasty, reflecting the grandeur \nof Southern India's greatest empires.  \nWikipedia \n3. Global Presence \nAs part of ITC Hotels, ITC Grand Chola contributes to the brand's presence across India, \noffering luxury accommodations and services. \n4. Room Types and Rates \nITC Grand Chola offers a variety of room types to cater to different guest preferences. Please \nnote that the following rates are approximate and may vary based on season, availability, and \nbooking platform: \n\u2022 Executive Club Rooms: Elegant rooms with modern amenities. Approx. \u20b910,000 per \nnight. \n\u2022 ITC One Rooms: Spacious rooms with premium features. Approx. \u20b915,000 per \nnight.", "mimetype": "text/plain", "start_char_idx": 0, "end_char_idx": 1931, "metadata_seperator": "\n", "text_template": "{metadata_str}\n\n{content}", "class_name": "TextNode"}, "__type__": "1"}, "f7f423e0-a063-4f9e-aa59-d57a4d207309": {"__data__": {"id_": "f7f423e0-a063-4f9e-aa59-d57a4d207309", "embedding": null, "metadata": {"page_label": "6", "file_name": "ITCGrandChola.pdf", "file_path": "D:\\hotel_gtts\\data\\ITCGrandChola.pdf", "file_type": "application/pdf", "file_size": 158283, "creation_date": "2025-01-05", "last_modified_date": "2025-01-05"}, "excluded_embed_metadata_keys": ["file_name", "file_type", "file_size", "creation_date", "last_modified_date", "last_accessed_date"], "excluded_llm_metadata_keys": ["file_name", "file_type", "file_size", "creation_date", "last_modified_date", "last_accessed_date"], "relationships": {"1": {"node_id": "4fd4b6ab-8da4-41c6-9072-3fc9ff289a08", "node_type": "4", "metadata": {"page_label": "6", "file_name": "ITCGrandChola.pdf", "file_path": "D:\\hotel_gtts\\data\\ITCGrandChola.pdf", "file_type": "application/pdf", "file_size": 158283, "creation_date": "2025-01-05", "last_modified_date": "2025-01-05"}, "hash": "ddcecbf82c6bbe860eab55161daf7e1c71140c4c1c6f375ffd18a38c88e4bd24", "class_name": "RelatedNodeInfo"}}, "metadata_template": "{key}: {value}", "metadata_separator": "\n", "text": "\u2022 Suites: Luxurious suites with separate living areas. Approx. \u20b925,000 per night. \n\u2022 Service Apartments: Fully furnished apartments for extended stays. Approx. \n\u20b920,000 per night. \n5. Hotel Types and Services \nITC Grand Chola offers a range of services to cater to various traveler needs: \n\u2022 Luxury Accommodations: Lavish rooms and suites with superior amenities. \n\u2022 Business Services: Meeting rooms, high-speed internet, and business centers for \ncorporate needs. \n\u2022 Event Venues: Facilities equipped to handle large-scale events, including weddings, \nconferences, and corporate seminars. \n\u2022 Wellness Services: Spa treatments, yoga sessions, and fitness centers. \n\u2022 Dining Experiences: Multiple restaurants offering diverse cuisines, including local \nand international dishes. \n6. Key Amenities and Services \n\u2022 Concierge Services: Assistance with restaurant reservations, transportation, and tour \nplanning. \n\u2022 Luxury Transport: Chauffeur-driven cars available upon request. \n\u2022 Event Planning Services: Complete solutions for weddings, conferences, and social \nevents. \n\u2022 Spa and Wellness: World-class spa treatments, yoga sessions, and fitness centers. \n\u2022 Family-Friendly Amenities: Kids' clubs, babysitting services, and family suites. \n\u2022 Pet-Friendly Policies: Pets are welcome in apartments only, with a fee of INR 1,750 \nper pet per night; maximum of 2 pets with a maximum weight of 25 kg.  \nMarriott \n7. Payment Methods \nITC Grand Chola accepts a variety of payment methods to accommodate guests' preferences: \n\u2022 Credit/Debit Cards: Visa, Mastercard, American Express, Diners Club, JCB. \n\u2022 Digital Payments: PayPal, Google Pay, Apple Pay. \n\u2022 Bank Transfers: For advance payments. \n\u2022 Cash: Accepted at the property (subject to local laws). \n8. Cancellation and Refund Policies \nITC Grand Chola's cancellation and refund policies are designed to provide flexibility while \nensuring operational efficiency: \n\u2022 Flexible Rates: Fully refundable if canceled up to 48 hours before check-in. \n\u2022 Non-Refundable Rates: No refunds on cancellation. \n\u2022 Advance Payments: Refunds processed within 7-10 business days for refundable \nbookings.", "mimetype": "text/plain", "start_char_idx": 0, "end_char_idx": 2134, "metadata_seperator": "\n", "text_template": "{metadata_str}\n\n{content}", "class_name": "TextNode"}, "__type__": "1"}, "76417b14-6745-4d53-875f-4a44e93b237c": {"__data__": {"id_": "76417b14-6745-4d53-875f-4a44e93b237c", "embedding": null, "metadata": {"page_label": "7", "file_name": "ITCGrandChola.pdf", "file_path": "D:\\hotel_gtts\\data\\ITCGrandChola.pdf", "file_type": "application/pdf", "file_size": 158283, "creation_date": "2025-01-05", "last_modified_date": "2025-01-05"}, "excluded_embed_metadata_keys": ["file_name", "file_type", "file_size", "creation_date", "last_modified_date", "last_accessed_date"], "excluded_llm_metadata_keys": ["file_name", "file_type", "file_size", "creation_date", "last_modified_date", "last_accessed_date"], "relationships": {"1": {"node_id": "817ad79d-c75a-4805-aa9d-962069c92ed6", "node_type": "4", "metadata": {"page_label": "7", "file_name": "ITCGrandChola.pdf", "file_path": "D:\\hotel_gtts\\data\\ITCGrandChola.pdf", "file_type": "application/pdf", "file_size": 158283, "creation_date": "2025-01-05", "last_modified_date": "2025-01-05"}, "hash": "b4b0679b702f3e510ae8f738ccc5d579d21adc61168a0b802d9249af7595085a", "class_name": "RelatedNodeInfo"}}, "metadata_template": "{key}: {value}", "metadata_separator": "\n", "text": "\u2022 Group Bookings: For reservations of four or more rooms, cancellation policies may \ndiffer; it's recommended to contact the hotel's reservations department for specific \nterms. \n\u2022 Early Checkout: Guests opting for early checkout may be liable to pay for the entire \nconfirmed reservation. \n9. Additional Highlights \nITC Grand Chola focuses on delivering luxurious experiences while preserving its heritage. \nWith personalized services, state-of-the-art amenities, and a commitment to excellence, it \nremains a top choice for travelers worldwide. \nFor more detailed information, please visit the hotel's official website: ITC Grand Chola", "mimetype": "text/plain", "start_char_idx": 0, "end_char_idx": 637, "metadata_seperator": "\n", "text_template": "{metadata_str}\n\n{content}", "class_name": "TextNode"}, "__type__": "1"}}, "docstore/ref_doc_info": {"a7fee284-171c-4e28-b628-9d00ca07b9a5": {"node_ids": ["a2aaafe1-9bee-4b73-ba0f-78a666713e93"], "metadata": {"page_label": "1", "file_name": "ITCGrandChola.pdf", "file_path": "D:\\hotel_gtts\\data\\ITCGrandChola.pdf", "file_type": "application/pdf", "file_size": 158283, "creation_date": "2025-01-05", "last_modified_date": "2025-01-05"}}, "8fb242fa-ce70-49e2-96b9-8570214fe855": {"node_ids": ["338a8b45-19a5-4c97-969b-cc349ef91d89"], "metadata": {"page_label": "2", "file_name": "ITCGrandChola.pdf", "file_path": "D:\\hotel_gtts\\data\\ITCGrandChola.pdf", "file_type": "application/pdf", "file_size": 158283, "creation_date": "2025-01-05", "last_modified_date": "2025-01-05"}}, "5ce1fbfe-b3b4-467a-9e35-34c3cdaec253": {"node_ids": ["3fdd8ea0-f77d-4243-b1c2-51e4cdb6b763"], "metadata": {"page_label": "3", "file_name": "ITCGrandChola.pdf", "file_path": "D:\\hotel_gtts\\data\\ITCGrandChola.pdf", "file_type": "application/pdf", "file_size": 158283, "creation_date": "2025-01-05", "last_modified_date": "2025-01-05"}}, "f707f00a-2d7c-4f91-bc37-f203d1605fb9": {"node_ids": ["2f6204d7-57f2-4125-96a9-4d227312b1c5"], "metadata": {"page_label": "4", "file_name": "ITCGrandChola.pdf", "file_path": "D:\\hotel_gtts\\data\\ITCGrandChola.pdf", "file_type": "application/pdf", "file_size": 158283, "creation_date": "2025-01-05", "last_modified_date": "2025-01-05"}}, "79fd575f-d300-487d-832a-172b32ff9762": {"node_ids": ["abcad428-4d8a-431d-82a7-b23b16c9a658"], "metadata": {"page_label": "5", "file_name": "ITCGrandChola.pdf", "file_path": "D:\\hotel_gtts\\data\\ITCGrandChola.pdf", "file_type": "application/pdf", "file_size": 158283, "creation_date": "2025-01-05", "last_modified_date": "2025-01-05"}}, "4fd4b6ab-8da4-41c6-9072-3fc9ff289a08": {"node_ids": ["f7f423e0-a063-4f9e-aa59-d57a4d207309"], "metadata": {"page_label": "6", "file_name": "ITCGrandChola.pdf", "file_path": "D:\\hotel_gtts\\data\\ITCGrandChola.pdf", "file_type": "application/pdf", "file_size": 158283, "creation_date": "2025-01-05", "last_modified_date": "2025-01-05"}}, "817ad79d-c75a-4805-aa9d-962069c92ed6": {"node_ids": ["76417b14-6745-4d53-875f-4a44e93b237c"], "metadata": {"page_label": "7", "file_name": "ITCGrandChola.pdf", "file_path": "D:\\hotel_gtts\\data\\ITCGrandChola.pdf", "file_type": "application/pdf", "file_size": 158283, "creation_date": "2025-01-05", "last_modified_date": "2025-01-05"}}}}